{
  "type": "the_insanity_datapack:the_warden_dimension",
  "generator": {
    "type": "minecraft:noise",
    "seed": 5267926754055744043,
    "biome_source": {
      "type": "minecraft:multi_noise",
      "biomes": [
        {
          "biome": "the_insanity_datapack:the_warden",
          "parameters": {
            "temperature": [
              -0.3,
              0.033333333334
            ],
            "humidity": [
              -1.166666666667,
              -0.833333333333
            ],
            "continentalness": [
              0.363333333333,
              0.696666666667
            ],
            "weirdness": [
              -0.595516904149,
              -0.262183570815
            ],
            "erosion": [
              -0.3666666666670002,
              -0.0333333333330002
            ],
            "depth": 0,
            "offset": 0
          }
        },
        {
          "biome": "the_insanity_datapack:the_allay",
          "parameters": {
            "temperature": [
              -0.033333333333,
              0.300000000001
            ],
            "humidity": [
              -0.166666666667,
              0.166666666667
            ],
            "continentalness": [
              0.343333333333,
              0.676666666667
            ],
            "weirdness": [
              -0.595516904149,
              -0.262183570815
            ],
            "erosion": [
              -0.2666666666669999,
              0.0666666666670001
            ],
            "depth": 0,
            "offset": 0
          }
        },
        {
          "biome": "the_insanity_datapack:the_pig",
          "parameters": {
            "temperature": [
              0.3,
              0.633333333334
            ],
            "humidity": [
              -0.766666666667,
              -0.433333333333
            ],
            "continentalness": [
              0.403333333333,
              0.736666666667
            ],
            "weirdness": [
              -0.595516904149,
              -0.262183570815
            ],
            "erosion": [
              -0.166666666667,
              0.166666666667
            ],
            "depth": 0,
            "offset": 0
          }
        }
      ]
    },
    "settings": {
      "name": "the_insanity_datapack:the_warden_dimension",
      "sea_level": 32,
      "legacy_random_source": true,
      "disable_mob_generation": true,
      "noodle_caves_enabled": false,
      "noise_caves_enabled": false,
      "aquifers_enabled": false,
      "deepslate_enabled": false,
      "ore_veins_enabled": false,
      "min_surface_level": 0,
      "default_block": {
        "Name": "minecraft:sculk"
      },
      "default_fluid": {
        "Name": "minecraft:lava",
        "Properties": {
          "level": "0"
        }
      },
      "spawn_target": [],
      "noise": {
        "min_y": 0,
        "height": 128,
        "size_horizontal": 1,
        "size_vertical": 2
      },
      "noise_router": {
        "barrier": 0,
        "fluid_level_floodedness": 0,
        "fluid_level_spread": 0,
        "lava": 0,
        "temperature": {
          "type": "minecraft:shifted_noise",
          "noise": "minecraft:temperature",
          "xz_scale": 0.25,
          "y_scale": 0,
          "shift_x": "minecraft:shift_x",
          "shift_y": 0,
          "shift_z": "minecraft:shift_z"
        },
        "vegetation": {
          "type": "minecraft:shifted_noise",
          "noise": "minecraft:vegetation",
          "xz_scale": 0.25,
          "y_scale": 0,
          "shift_x": "minecraft:shift_x",
          "shift_y": 0,
          "shift_z": "minecraft:shift_z"
        },
        "continents": 0,
        "erosion": 0,
        "depth": 0,
        "ridges": 0,
        "initial_density_without_jaggedness": 0,
        "final_density": {
          "type": "minecraft:squeeze",
          "argument": {
            "type": "minecraft:mul",
            "argument1": 0.64,
            "argument2": {
              "type": "minecraft:interpolated",
              "argument": {
                "type": "minecraft:blend_density",
                "argument": {
                  "type": "minecraft:add",
                  "argument1": 2.5,
                  "argument2": {
                    "type": "minecraft:mul",
                    "argument1": {
                      "type": "minecraft:y_clamped_gradient",
                      "from_y": -8,
                      "to_y": 24,
                      "from_value": 0,
                      "to_value": 1
                    },
                    "argument2": {
                      "type": "minecraft:add",
                      "argument1": -2.5,
                      "argument2": {
                        "type": "minecraft:add",
                        "argument1": 0.9375,
                        "argument2": {
                          "type": "minecraft:mul",
                          "argument1": {
                            "type": "minecraft:y_clamped_gradient",
                            "from_y": 104,
                            "to_y": 128,
                            "from_value": 1,
                            "to_value": 0
                          },
                          "argument2": {
                            "type": "minecraft:add",
                            "argument1": -0.9375,
                            "argument2": "minecraft:nether/base_3d_noise"
                          }
                        }
                      }
                    }
                  }
                }
              }
            }
          }
        },
        "vein_toggle": 0,
        "vein_ridged": 0,
        "vein_gap": 0
      },
      "surface_rule": {
        "type": "minecraft:sequence",
        "sequence": [
          {
            "type": "minecraft:condition",
            "if_true": {
              "type": "minecraft:vertical_gradient",
              "random_name": "minecraft:bedrock_floor",
              "true_at_and_below": {
                "above_bottom": 0
              },
              "false_at_and_above": {
                "above_bottom": 5
              }
            },
            "then_run": {
              "type": "minecraft:block",
              "result_state": {
                "Name": "minecraft:bedrock"
              }
            }
          },
          {
            "type": "minecraft:condition",
            "if_true": {
              "type": "minecraft:not",
              "invert": {
                "type": "minecraft:vertical_gradient",
                "random_name": "minecraft:bedrock_roof",
                "true_at_and_below": {
                  "below_top": 5
                },
                "false_at_and_above": {
                  "below_top": 0
                }
              }
            },
            "then_run": {
              "type": "minecraft:block",
              "result_state": {
                "Name": "minecraft:bedrock"
              }
            }
          },
          {
            "type": "minecraft:condition",
            "if_true": {
              "type": "minecraft:biome",
              "biome_is": [
                "the_insanity_datapack:the_warden"
              ]
            },
            "then_run": {
              "type": "minecraft:sequence",
              "sequence": [
                {
                  "type": "minecraft:condition",
                  "if_true": {
                    "type": "minecraft:stone_depth",
                    "surface_type": "floor",
                    "add_surface_depth": false,
                    "secondary_depth_range": 0,
                    "offset": 0
                  },
                  "then_run": {
                    "type": "minecraft:sequence",
                    "sequence": [
                      {
                        "type": "minecraft:condition",
                        "if_true": {
                          "type": "minecraft:water",